,,,principal_angle,principal_angle,found_dim,found_dim
,,,mean,std,mean,std
surrogate_model,dim_total,dim_effect,,,,
GPRSurrogate,20,5,36.40569623311361,6.071435128868099,17.666666666666668,0.5773502691896255
GPRSurrogate,50,5,39.45705477396647,30.62461678854842,44.333333333333336,4.618802153517007
GPRSurrogate,100,10,64.40830866495769,7.053312298708246,87.0,7.54983443527075
RBFNetwork,20,5,69.57869466145833,8.02008926351246,11.333333333333334,2.0816659994661326
RBFNetwork,50,5,58.68515268961588,1.97998899409325,28.666666666666668,2.516611478423583
RBFNetwork,100,10,61.029038747151695,0.7883087899559251,49.0,0.0
